{"district":[0,1,2,3,4,5,6,7,8,9,10,11,12,13,14,15,16,17,18,19,20,21,22,23,25,26,27,28],"name":["All","CBD - Raffles Place","CBD - Tanjong Pagar","Central South - Tiong Bahru","South - Keppel","South West - West Coast","CBD - City Hall","City - Bugis","Central - Farrer Park","Central - Orchard","Central - Bukit Timah","Central - Newton","Central - Toa Payoh","Central East - Macpherson","Central East - Eunos","East Coast - Katong","Upper East Coast - Bedok","Far East - Pasir Ris","Far East - Tampines","North East - Punggol","Central North - Ang Mo Kio","Central West - Clementi","Far West - Jurong","North West Bukit Batok","Far North - Woodlands","North - Yio Chu Kang","Far North - Yishun","North East - Yio Chu Kang"],"bach_rate":[0.118776950215602,"NA","NA",0.154362416107383,0.101694915254237,"NA","NA",0.0986842105263158,0.181102362204724,"NA",0.142857142857143,"NA",0.129370629370629,"NA",0.148351648351648,0.152777777777778,0.137867647058824,"NA",0.147260273972603,0.0946902654867257,0.13184584178499,0.142857142857143,0.0974967061923584,0.121807465618861,0.068904593639576,"NA",0.106422018348624,"NA"],"unemployment_rate":[0.0378699812214969,"NA","NA",0.0447470817120623,0.0385964912280702,"NA","NA",0.0431778929188256,0.0326481257557437,"NA",0,"NA",0.0383817427385892,"NA",0.0361067503924647,0.0401785714285714,0.0383877159309021,"NA",0.0431177446102819,0.0335336918696615,0.0413486005089059,0.0304806565064478,0.0393996247654784,0.0434782608695652,0.0378571428571429,"NA",0.0285714285714286,"NA"]}
